{
  "C_Tforged": {
    "name": "C_Tforged",
    "mapTo": "C_Tforged",
    "class": "Material",
    "Stages": [
      {
        "baseColorFactor": [
          0.552941024,
          0.560783982,
          0.560783982,
          1
        ],
        "baseColorMap": "/vehicles/gabryf40/Confused/Forged/C_Tforged.png",
        "clearCoatFactor": 0.8,
        "clearCoatRoughnessFactor": 0,
        "metallicFactor": 0.3,
        "roughnessFactor": 0.637
      },
      {
        "baseColorFactor": null,
        "clearCoatFactor": null,
        "clearCoatRoughnessFactor": null,
        "metallicFactor": null,
        "roughnessFactor": null
      },
      {
        "baseColorFactor": null,
        "clearCoatFactor": null,
        "clearCoatRoughnessFactor": null,
        "metallicFactor": null,
        "roughnessFactor": null
      },
      {
        "baseColorFactor": null,
        "clearCoatFactor": null,
        "clearCoatRoughnessFactor": null,
        "metallicFactor": null,
        "roughnessFactor": null
      }
    ],
    "alphaTest": true,
    "doubleSided": true,
    "version": 1.5
  }
}