{
  "gabryf40_vehicle_generic_black_plastic_001": {
    "name": "gabryf40_vehicle_generic_black_plastic_001",
    "mapTo": "gabryf40_vehicle_generic_black_plastic.001",
    "class": "Material",
    "Stages": [
      {
        "diffuseColor": [
          0.800000012,
          0.800000012,
          0.800000012,
          1
        ]
      },
      {
        "diffuseColor": null
      },
      {
        "diffuseColor": null
      },
      {
        "diffuseColor": null
      }
    ],
    "translucentBlendOp": "None"
  }
}