{
  "C_carbon1": {
    "name": "C_carbon1",
    "mapTo": "C_carbon1",
    "class": "Material",
    "Stages": [
      {
        "baseColorFactor": [
          0.3,
          0.3,
          0.3,
          1
        ],
        "baseColorMap": "/vehicles/gabryf40/Confused/carbon1.png",
        "clearCoatFactor": 0,
        "clearCoatRoughnessFactor": 0,
        "metallicFactor": 0,
        "roughnessFactor": 0.937
      },
      {
        "baseColorFactor": null,
        "clearCoatFactor": null,
        "clearCoatRoughnessFactor": null,
        "metallicFactor": null,
        "roughnessFactor": null
      },
      {
        "baseColorFactor": null,
        "clearCoatFactor": null,
        "clearCoatRoughnessFactor": null,
        "metallicFactor": null,
        "roughnessFactor": null
      },
      {
        "baseColorFactor": null,
        "clearCoatFactor": null,
        "clearCoatRoughnessFactor": null,
        "metallicFactor": null,
        "roughnessFactor": null
      }
    ],
    "alphaTest": true,
    "doubleSided": true,
    "version": 1.5
  }
}