{
"Braking G":1.116,
"Drivetrain":"RWD",
"Value":1000000,
"Population":1337,
"TorquePeakRPM":"3950 - 6400",
"Propulsion":"ICE",
"Description":"The Ferrari F40 is a sports car produced by the Italian car manufacturer Ferrari, virtual heir of the Ferrari 288 GTO Evoluzione, built between 1987 and 1992 (for the last F40 GTE examples), whose heir was the F50.",
"Configuration":"Itasha (M)",
"Power":478,
"Induction Type":"Race",
"Config Type":"Factory",
"Top Speed":80.0863,
"Transmission":"Manual",
"Torque":577,
"PowerPeakRPM":"7050 - 7900",
"Fuel Type":"Gasoline"
}