{
    "Name":"F40",
    "Brand":"Ferrari",
  "Author":"GabryRNR",
  "Country":"Italy",
    "Type":"Car",
  "Body Style":"Coupe",
    "Years":{"min": 1987,"max":1992},
    "Derby Class":"Mid-Size Car",
    "default_pc":"Stock",
    "default_color":"Rosso Scarlatto",
    "colors":{
        "Bianco Perla": "1 1 1 1.3",
        "Bianco Osso": "0.95 0.94 0.93 1.3",
        "Carbone": "0.15 0.15 0.15 1.2",
        "Antracite": "0.103 0.103 0.106 1.4",
        "Argento": "0.65 0.65 0.65 1.2",
        "Nero Puro": "0 0 0 1.3",
		"Caramello": "0.810 0.638 0.476 1.3",
		"Limoncello": "0.97 0.89 0.69 1.2",
        "Sciampagna": "0.663 0.594 0.533 1.2",
		"Cioccolato": "0.488 0.316 0.192 1.3",
		"Prugna": "0.242 0.11 0.124 1.3",
		"Mercurio": "0.52 0.485 0.46 1.3",
        "Rosso Fiamma": "0.08 0.155 0.105 1.2",
		"Verde Speciale": "0.581 0.7 0 1.2",
        "Rosso Stradale": "0.8 0.1 0.1 1.2",
        "Rosso Scarlatto": "0.58 0.12 0.12 1.2",
        "Arancio Vampata": "0.9 0.4 0 1.2",
        "Giallo Fulmine": "0.85 0.75 0 1.2",
        "Giallo Vampata": "0.85 0.8 0.1 1.1",
		"Giallo Autunno": "0.521 0.396 0.189 1.2",
        "Viola": "0.1 0.1 0.2 1.2",
        "Borgogna": "0.5 0 0 1.2",
        "Verde Bosco": "0.08 0.18 0.105 1.2",
        "Turchese": "0.24 0.48 0.48 1.2",
        "Acquamarina": "0.05 0.50 0.70 1.2",
        "Blu Mare": "0.16 0.28 0.56 1.2",
        "Verde Vibrante": "0.18 0.36 0.09 1.2",
        "Azzurro": "0.0 0.4 0.5 1.2",
        "Blu Marina": "0.0 0.07 0.23 1.2",
        "Blu Tropicale": "0.2 0.5 0.65 1.2",
        "Arancione": "0.955 0.751 0.335 1.2",
        "Blu Cielo": "0.305 0.681 0.785 1.2",
        "Blu Vibrante": "0.08 0.36 0.75 1.2",
        "Blu Brillante": "0.0 0.38 0.75 1.2",
        "Rosso Velluto": "0.400 0.094 0.096 1.2",
        "Mezzanotte": "0.105 0.141 0.219 1.2",
        "Blu Bermuda": "0.114 0.188 0.198 1.2",
        "Verde Foresta": "0.056 0.256 0.209 1.2",
        "Verde Cactus": "0.374 0.513 0.141 1.2",
        "Arancio Bruciato": "0.61 0.31 0.11 1.2",
		"Marrone Chiaro":"0.514 0.37 0.22 1.2",
		"Bronzo":"0.57 0.33 0.06 1.2",
        "Grigio Ostrica": "0.351 0.386 0.461 1.2",
        "Alabastro": "0.852 0.813 0.758 1.2",
        "Zinco": "0.632 0.621 0.588 1.2",
        "Verde Opale": "0.22 0.37 0.33 1.2",
        "Inchiostro": "0.071 0.095 0.105 1.2",
        "Verde Felce": "0.224 0.301 0.221 1.2"
    }
}