{
  "gabryf40_002b3000": {
    "name": "gabryf40_002b3000",
    "mapTo": "gabryf40_002b3000",
    "class": "Material",
    "persistentId": "e34b88d0-3ccb-4e49-ba6f-1405371a3783",
    "Stages": [
      {
        "baseColorFactor": [
          0.633062005,
          0.633062005,
          0.633062005,
          1
        ],
        "baseColorMap": "/vehicles/gabryf40/txt/gabryf40_002b3000.png",
        "metallicFactor": 0.574000001,
        "roughnessFactor": 0.717999995
      },
      {
        "baseColorFactor": null,
        "metallicFactor": null,
        "roughnessFactor": 0.607767701
      },
      {
        "baseColorFactor": null,
        "metallicFactor": null,
        "roughnessFactor": null
      },
      {
        "baseColorFactor": null,
        "metallicFactor": null,
        "roughnessFactor": null
      }
    ],
    "alphaRef": 86,
    "alphaTest": true,
    "castShadows": false,
    "doubleSided": true,
    "dynamicCubemap": true,
    "materialTag0": "beamng",
    "materialTag1": "vehicle",
    "translucentBlendOp": "None",
    "translucentRecvShadows": true,
    "version": 1.5
  },
  "gabryf40_INT_Vetroresina_GIALLO": {
    "name": "gabryf40_INT_Vetroresina_GIALLO",
    "mapTo": "gabryf40_INT_Vetroresina_GIALLO",
    "class": "Material",
    "persistentId": "330e82d6-e22d-4652-be26-dca74431395b",
    "Stages": [
      {
        "baseColorFactor": [
          0.75354898,
          0.75354898,
          0.75354898,
          1
        ],
        "baseColorMap": "/vehicles/gabryf40/txt/gabryf40_INT_Vetroresina_GIALLO_NM.png",
        "instanceDiffuse": true,
        "normalMap": "/vehicles/gabryf40/txt/gabryf40_INT_Vetroresina_GIALLO_NM.png",
        "roughnessFactor": null
      },
      {
        "baseColorFactor": null,
        "instanceDiffuse": null,
        "roughnessFactor": 0.607767701
      },
      {
        "baseColorFactor": null,
        "instanceDiffuse": null,
        "roughnessFactor": null
      },
      {
        "baseColorFactor": null,
        "instanceDiffuse": null,
        "roughnessFactor": null
      }
    ],
    "alphaRef": 86,
    "alphaTest": true,
    "doubleSided": true,
    "dynamicCubemap": true,
    "materialTag0": "beamng",
    "materialTag1": "vehicle",
    "translucentBlendOp": "None",
    "translucentRecvShadows": true,
    "version": 1.5
  },
  "gabryf40_aluminium": {
    "name": "gabryf40_aluminium",
    "mapTo": "gabryf40_aluminium",
    "class": "Material",
    "persistentId": "68859946-4c6e-49b7-8295-77df33152b99",
    "Stages": [
      {
        "baseColorFactor": [
          0.671398997,
          0.671398997,
          0.671398997,
          1
        ],
        "baseColorMap": "/vehicles/gabryf40/txt/gabryf40_aluminium.png",
        "metallicFactor": 1,
        "normalMap": "/vehicles/gabryf40/txt/gabryf40_aluminium_nm.png",
        "roughnessFactor": null
      },
      {
        "baseColorFactor": null,
        "metallicFactor": null,
        "roughnessFactor": 0.607767701
      },
      {
        "baseColorFactor": null,
        "metallicFactor": null,
        "roughnessFactor": null
      },
      {
        "baseColorFactor": null,
        "metallicFactor": null,
        "roughnessFactor": null
      }
    ],
    "alphaRef": 86,
    "alphaTest": true,
    "doubleSided": true,
    "dynamicCubemap": true,
    "materialTag0": "beamng",
    "materialTag1": "vehicle",
    "translucentBlendOp": "None",
    "translucentRecvShadows": true,
    "version": 1.5
  },
  "gabryf40_black": {
    "name": "gabryf40_black",
    "mapTo": "gabryf40_black",
    "class": "Material",
    "persistentId": "dfb4a9bb-f050-45a7-a8be-40b6b7853758",
    "Stages": [
      {
        "baseColorFactor": [
          0,
          0,
          0,
          1
        ],
        "baseColorMap": "/vehicles/gabryf40/txt/gabryf40_black.png",
        "metallicFactor": 1,
        "roughnessFactor": null
      },
      {
        "baseColorFactor": null,
        "metallicFactor": null,
        "roughnessFactor": 0.607767701
      },
      {
        "baseColorFactor": null,
        "metallicFactor": null,
        "roughnessFactor": null
      },
      {
        "baseColorFactor": null,
        "metallicFactor": null,
        "roughnessFactor": null
      }
    ],
    "alphaRef": 86,
    "alphaTest": true,
    "doubleSided": true,
    "dynamicCubemap": true,
    "materialTag0": "beamng",
    "materialTag1": "vehicle",
    "translucentBlendOp": "None",
    "translucentRecvShadows": true,
    "version": 1.5
  },
  "gabryf40_cloth02_darkgrey": {
    "name": "gabryf40_cloth02_darkgrey",
    "mapTo": "gabryf40_cloth02_darkgrey",
    "class": "Material",
    "persistentId": "38cf1f66-edd7-4054-8655-60095c9b982b",
    "Stages": [
      {
        "baseColorFactor": [
          0.479714006,
          0.479714006,
          0.479714006,
          1
        ],
        "baseColorMap": "/vehicles/gabryf40/txt/gabryf40_cloth02_darkgrey.png",
        "metallicFactor": 0.419999987,
        "normalMap": "/vehicles/gabryf40/txt/gabryf40_cloth02_normals.png",
        "roughnessFactor": null
      },
      {
        "baseColorFactor": null,
        "metallicFactor": null,
        "roughnessFactor": 0.607767701
      },
      {
        "baseColorFactor": null,
        "metallicFactor": null,
        "roughnessFactor": null
      },
      {
        "baseColorFactor": null,
        "metallicFactor": null,
        "roughnessFactor": null
      }
    ],
    "alphaRef": 86,
    "alphaTest": true,
    "doubleSided": true,
    "dynamicCubemap": true,
    "materialTag0": "beamng",
    "materialTag1": "vehicle",
    "translucentBlendOp": "None",
    "translucentRecvShadows": true,
    "version": 1.5
  },
  "gabryf40_cockpit_belt": {
    "name": "gabryf40_cockpit_belt",
    "mapTo": "gabryf40_cockpit_belt",
    "class": "Material",
    "persistentId": "45fbe9d6-c638-44cf-a1a1-47fdb109bf98",
    "Stages": [
      {
        "baseColorFactor": [
          0.780932009,
          0.780932009,
          0.780932009,
          1
        ],
        "baseColorMap": "/vehicles/gabryf40/txt/gabryf40_cockpit_belt.png",
        "metallicFactor": 1,
        "normalMap": "/vehicles/gabryf40/txt/gabryf40_cockpit_belt_nm.png",
        "roughnessFactor": null
      },
      {
        "baseColorFactor": null,
        "metallicFactor": null,
        "roughnessFactor": 0.607767701
      },
      {
        "baseColorFactor": null,
        "metallicFactor": null,
        "roughnessFactor": null
      },
      {
        "baseColorFactor": null,
        "metallicFactor": null,
        "roughnessFactor": null
      }
    ],
    "alphaRef": 86,
    "alphaTest": true,
    "doubleSided": true,
    "dynamicCubemap": true,
    "materialTag0": "beamng",
    "materialTag1": "vehicle",
    "translucentBlendOp": "None",
    "translucentRecvShadows": true,
    "version": 1.5
  },
  "gabryf40_cockpit_hr_occlusion2": {
    "name": "gabryf40_cockpit_hr_occlusion2",
    "mapTo": "gabryf40_cockpit_hr_occlusion2",
    "class": "Material",
    "persistentId": "453248af-14c6-4a20-873a-204c5ef86e18",
    "Stages": [
      {
        "ambientOcclusionMap": "/vehicles/gabryf40/txt/gabryf40_cockpit_hr_occlusion_map.png",
        "baseColorFactor": [
          0.846652985,
          0.846652985,
          0.846652985,
          1
        ],
        "baseColorMap": "/vehicles/gabryf40/txt/gabryf40_cockpit_hr_occlusion2.png",
        "metallicFactor": 0.851000011,
        "normalMap": "/vehicles/gabryf40/txt/gabryf40_cockpit_hr_occlusion2_nm1.png",
        "roughnessFactor": 0.497000009
      },
      {
        "baseColorFactor": null,
        "metallicFactor": null,
        "roughnessFactor": 0.607767701
      },
      {
        "baseColorFactor": null,
        "metallicFactor": null,
        "roughnessFactor": null
      },
      {
        "baseColorFactor": null,
        "metallicFactor": null,
        "roughnessFactor": null
      }
    ],
    "alphaRef": 86,
    "alphaTest": true,
    "doubleSided": true,
    "dynamicCubemap": true,
    "materialTag0": "beamng",
    "materialTag1": "vehicle",
    "translucentBlendOp": "None",
    "translucentRecvShadows": true,
    "version": 1.5
  },
  "gabryf40_disc_brake": {
    "name": "gabryf40_disc_brake",
    "mapTo": "gabryf40_disc_brake",
    "class": "Material",
    "persistentId": "acbdbab1-96d0-4bd3-a05f-238981da812c",
    "Stages": [
      {
        "baseColorFactor": [
          0.901419997,
          0.901419997,
          0.901419997,
          1
        ],
        "baseColorMap": "/vehicles/gabryf40/txt/gabryf40_disc_brake.png",
        "metallicFactor": 1,
        "normalMap": "/vehicles/gabryf40/txt/gabryf40_disc_brake_n.png",
        "normalMapStrength": 2,
        "roughnessFactor": 0.536000013
      },
      {
        "baseColorFactor": null,
        "metallicFactor": null,
        "normalMapStrength": null,
        "roughnessFactor": 0.607767701
      },
      {
        "baseColorFactor": null,
        "metallicFactor": null,
        "normalMapStrength": null,
        "roughnessFactor": null
      },
      {
        "baseColorFactor": null,
        "metallicFactor": null,
        "normalMapStrength": null,
        "roughnessFactor": null
      }
    ],
    "alphaRef": 0,
    "doubleSided": true,
    "dynamicCubemap": true,
    "materialTag0": "beamng",
    "materialTag1": "vehicle",
    "translucentBlendOp": "None",
    "translucentRecvShadows": true,
    "version": 1.5
  },
  "gabryf40_display_intf40": {
    "name": "gabryf40_display_intf40",
    "mapTo": "gabryf40_display_intf40",
    "class": "Material",
    "persistentId": "c5ec8703-607e-45b7-83b1-e3d6db754ecb",
    "Stages": [
      {
        "baseColorFactor": [
          0.884989977,
          0.884989977,
          0.884989977,
          1
        ],
        "baseColorMap": "/vehicles/gabryf40/txt/gabryf40_display_intf40.png",
        "metallicFactor": 1,
        "normalMap": "/vehicles/gabryf40/txt/gabryf40_display_intf40_nm.png",
        "roughnessFactor": 0.551999986
      },
      {
        "baseColorFactor": null,
        "metallicFactor": null,
        "roughnessFactor": 0.607767701
      },
      {
        "baseColorFactor": null,
        "metallicFactor": null,
        "roughnessFactor": null
      },
      {
        "baseColorFactor": null,
        "metallicFactor": null,
        "roughnessFactor": null
      }
    ],
    "alphaRef": 86,
    "alphaTest": true,
    "doubleSided": true,
    "dynamicCubemap": true,
    "materialTag0": "beamng",
    "materialTag1": "vehicle",
    "translucentBlendOp": "None",
    "translucentRecvShadows": true,
    "version": 1.5
  },
  "gabryf40_display_intf40_black": {
    "name": "gabryf40_display_intf40_black",
    "mapTo": "gabryf40_display_intf40_black",
    "class": "Material",
    "persistentId": "f0fa9427-d40b-4b9c-8b10-4708a028d448",
    "Stages": [
      {
        "baseColorFactor": [
          0.644015014,
          0.644015014,
          0.644015014,
          1
        ],
        "baseColorMap": "/vehicles/gabryf40/txt/gabryf40_display_intf40.png",
        "metallicFactor": 1,
        "normalMap": "/vehicles/gabryf40/txt/gabryf40_display_intf40_nm.png",
        "roughnessFactor": 0.497000009
      },
      {
        "baseColorFactor": null,
        "metallicFactor": null,
        "roughnessFactor": 0.607767701
      },
      {
        "baseColorFactor": null,
        "metallicFactor": null,
        "roughnessFactor": null
      },
      {
        "baseColorFactor": null,
        "metallicFactor": null,
        "roughnessFactor": null
      }
    ],
    "alphaRef": 86,
    "alphaTest": true,
    "doubleSided": true,
    "dynamicCubemap": true,
    "materialTag0": "beamng",
    "materialTag1": "vehicle",
    "translucentBlendOp": "None",
    "translucentRecvShadows": true,
    "version": 1.5
  },
  "gabryf40_displaysteer_intf40": {
    "name": "gabryf40_displaysteer_intf40",
    "mapTo": "gabryf40_displaysteer_intf40",
    "class": "Material",
    "persistentId": "663ff222-7ec3-4b7d-98d5-46c90f37b99e",
    "Stages": [
      {
        "colorMap": "/vehicles/gabryf40/txt/gabryf40_display_intf40.png",
        "pixelSpecular": true,
        "reflectivityMap": "/vehicles/gabryf40/txt/gabryf40_display_intf40.png",
        "reflectivityMapFactor": 0.31400001,
        "roughnessFactor": 0.445299804,
        "specularMap": "/vehicles/gabryf40/txt/gabryf40_display_intf40.png",
        "useAnisotropic": true
      },
      {
        "pixelSpecular": null,
        "reflectivityMapFactor": null,
        "roughnessFactor": null,
        "useAnisotropic": null
      },
      {
        "pixelSpecular": null,
        "reflectivityMapFactor": null,
        "roughnessFactor": null,
        "useAnisotropic": null
      },
      {
        "pixelSpecular": null,
        "reflectivityMapFactor": null,
        "roughnessFactor": null,
        "useAnisotropic": null
      }
    ],
    "alphaRef": 70,
    "alphaTest": true,
    "doubleSided": true,
    "materialTag0": "beamng",
    "materialTag1": "vehicle",
    "materialTag2": "decal",
    "translucentRecvShadows": true
  },
  "gabryf40_estra_details": {
    "name": "gabryf40_estra_details",
    "mapTo": "gabryf40_estra_details",
    "class": "Material",
    "persistentId": "627a66d8-ced7-4222-8369-c98b2f14b440",
    "Stages": [
      {
        "colorMap": "/vehicles/gabryf40/txt/gabryf40_estra_details.png",
        "diffuseColor": [
          0.802838981,
          0.802838981,
          0.802838981,
          1
        ],
        "normalMap": "/vehicles/gabryf40/txt/gabryf40_estra_details_nm.png",
        "roughnessFactor": 0.497000009
      },
      {
        "diffuseColor": null,
        "roughnessFactor": 0.607767701
      },
      {
        "diffuseColor": null,
        "roughnessFactor": null
      },
      {
        "diffuseColor": null,
        "roughnessFactor": null
      }
    ],
    "alphaRef": 86,
    "alphaTest": true,
    "doubleSided": true,
    "materialTag0": "beamng",
    "materialTag1": "vehicle",
    "translucentBlendOp": "None",
    "translucentRecvShadows": true
  },
  "gabryf40_fabric_detail": {
    "name": "gabryf40_fabric_detail",
    "mapTo": "gabryf40_fabric_detail",
    "class": "Material",
    "persistentId": "330e82d6-e22d-4652-be26-dca74431395b",
    "Stages": [
      {
        "baseColorFactor": [
          0.75354898,
          0.75354898,
          0.75354898,
          1
        ],
        "baseColorMap": "/vehicles/gabryf40/txt/gabryf40_fabric_detail.png",
        "instanceDiffuse": true,
        "normalMap": "/vehicles/gabryf40/txt/gabryf40_fabric_detail_nm.png",
        "roughnessFactor": null
      },
      {
        "baseColorFactor": null,
        "instanceDiffuse": null,
        "roughnessFactor": 0.607767701
      },
      {
        "baseColorFactor": null,
        "instanceDiffuse": null,
        "roughnessFactor": null
      },
      {
        "baseColorFactor": null,
        "instanceDiffuse": null,
        "roughnessFactor": null
      }
    ],
    "alphaRef": 86,
    "alphaTest": true,
    "doubleSided": true,
    "dynamicCubemap": true,
    "materialTag0": "beamng",
    "materialTag1": "vehicle",
    "translucentBlendOp": "None",
    "translucentRecvShadows": true,
    "version": 1.5
  },
  "gabryf40_fabric_detail_dis": {
    "name": "gabryf40_fabric_detail_dis",
    "mapTo": "gabryf40_fabric_detail_dis",
    "class": "Material",
    "persistentId": "330e82d6-e22d-4652-be26-dca74431395b",
    "Stages": [
      {
        "baseColorFactor": [
          0.75354898,
          0.75354898,
          0.75354898,
          1
        ],
        "baseColorMap": "/vehicles/gabryf40/txt/gabryf40_fabric_detail_dis.png",
        "instanceDiffuse": true,
        "normalMap": "/vehicles/gabryf40/txt/gabryf40_fabric_detail_nmheight.png",
        "roughnessFactor": null
      },
      {
        "baseColorFactor": null,
        "instanceDiffuse": null,
        "roughnessFactor": 0.607767701
      },
      {
        "baseColorFactor": null,
        "instanceDiffuse": null,
        "roughnessFactor": null
      },
      {
        "baseColorFactor": null,
        "instanceDiffuse": null,
        "roughnessFactor": null
      }
    ],
    "alphaRef": 86,
    "alphaTest": true,
    "doubleSided": true,
    "dynamicCubemap": true,
    "materialTag0": "beamng",
    "materialTag1": "vehicle",
    "translucentBlendOp": "None",
    "translucentRecvShadows": true,
    "version": 1.5
  },
  "gabryf40_gauges": {
    "name": "gabryf40_gauges",
    "mapTo": "gabryf40_gauges",
    "class": "Material",
    "persistentId": "eb82e126-96f4-427d-b2c9-e45d152a2425",
    "Stages": [
      {
        "baseColorFactor": [
          0.79736203,
          0.784262002,
          0.784262002,
          1
        ],
        "baseColorMap": "/vehicles/gabryf40/txt/gabryf40_display_intf40.png",
        "metallicFactor": 0.508000016,
        "roughnessFactor": null
      },
      {
        "baseColorFactor": null,
        "metallicFactor": null,
        "roughnessFactor": 0.607767701
      },
      {
        "baseColorFactor": null,
        "metallicFactor": null,
        "roughnessFactor": null
      },
      {
        "baseColorFactor": null,
        "metallicFactor": null,
        "roughnessFactor": null
      }
    ],
    "alphaRef": 86,
    "alphaTest": true,
    "castShadows": false,
    "doubleSided": true,
    "materialTag0": "beamng",
    "materialTag1": "vehicle",
    "translucentBlendOp": "None",
    "version": 1.5
  },
  "gabryf40_gauges_on": {
    "name": "gabryf40_gauges_on",
    "mapTo": "gabryf40_gauges_on",
    "class": "Material",
    "persistentId": "1808d091-7cf7-47c2-af3b-4b3d317af5be",
    "Stages": [
      {
        "baseColorFactor": [
          0.24425,
          0.75354898,
          0,
          1
        ],
        "baseColorMap": "/vehicles/gabryf40/txt/gabryf40_display_intf40.png",
        "emissive": true,
        "emissiveFactor": [
          0.5,
          0.5,
          0.5
        ],
        "emissiveMap": "/vehicles/gabryf40/txt/gabryf40_display_intf40.png"
      },
      {
        "baseColorFactor": null,
        "emissive": null,
        "emissiveFactor": null
      },
      {
        "baseColorFactor": null,
        "emissive": null,
        "emissiveFactor": null
      },
      {
        "baseColorFactor": null,
        "emissive": null,
        "emissiveFactor": null
      }
    ],
    "alphaRef": 0,
    "doubleSided": true,
    "dynamicCubemap": true,
    "translucentBlendOp": "None",
    "version": 1.5
  },
  "gabryf40_glass": {
    "name": "gabryf40_glass",
    "mapTo": "gabryf40_glass",
    "class": "Material",
    "persistentId": "1e39dd69-d7a6-4acd-bab8-6e35e1848e2b",
    "Stages": [
      {
        "baseColorMap": "vehicles/gabryf40/txt/gabryf40_glass_b.color.png",
        "metallicFactor": 1,
        "normalMap": "/vehicles/common/null_n.dds",
        "opacityMap": "/vehicles/gabryf40/txt/gabryf40_glass_o.data.png",
        "pixelSpecular": true,
        "roughnessFactor": 0
      },
      {
        "metallicFactor": null,
        "pixelSpecular": null,
        "roughnessFactor": null
      },
      {
        "metallicFactor": null,
        "pixelSpecular": null,
        "roughnessFactor": null
      },
      {
        "metallicFactor": null,
        "pixelSpecular": null,
        "roughnessFactor": null
      }
    ],
    "alphaRef": 0,
    "castShadows": false,
    "dynamicCubemap": true,
    "materialTag0": "beamng",
    "materialTag1": "vehicle",
    "translucent": true,
    "translucentBlendOp": "PreMulAlpha",
    "translucentRecvShadows": true,
    "version": 1.5
  },
  "gabryf40_glass_dmg": {
    "name": "gabryf40_glass_dmg",
    "mapTo": "gabryf40_glass_dmg",
    "class": "Material",
    "persistentId": "be5e6e45-10e6-4f5b-beb1-23f6fbecb3c6",
    "Stages": [
      {
        "baseColorMap": "vehicles/gabryf40/txt/gabryf40_glass_dmg_b.color.png",
        "metallicFactor": 0.670000017,
        "normalMap": "vehicles/gabryf40/txt/gabryf40_glass_dmg_nm.normal.png",
        "opacityMap": "/vehicles/gabryf40/txt/gabryf40_glass_dmg_o.data.png",
        "pixelSpecular": true,
        "roughnessFactor": 0
      },
      {
        "metallicFactor": null,
        "pixelSpecular": null,
        "roughnessFactor": null
      },
      {
        "metallicFactor": null,
        "pixelSpecular": null,
        "roughnessFactor": null
      },
      {
        "metallicFactor": null,
        "pixelSpecular": null,
        "roughnessFactor": null
      }
    ],
    "alphaRef": 20,
    "alphaTest": true,
    "castShadows": false,
    "dynamicCubemap": true,
    "materialTag0": "beamng",
    "materialTag1": "vehicle",
    "translucent": true,
    "translucentBlendOp": "PreMulAlpha",
    "translucentRecvShadows": true,
    "version": 1.5
  },
  "gabryf40_glass_gauges": {
    "name": "gabryf40_glass_gauges",
    "mapTo": "gabryf40_glass_gauges",
    "class": "Material",
    "persistentId": "1f431a7b-0541-4e16-a68b-c044708f0856",
    "Stages": [
      {
        "baseColorFactor": [
          0.507098019,
          0.507098019,
          0.507098019,
          1
        ],
        "metallicFactor": 1,
        "opacityFactor": 0.143999994,
        "roughnessFactor": 0.569000006
      },
      {
        "baseColorFactor": null,
        "metallicFactor": null,
        "opacityFactor": null,
        "roughnessFactor": null
      },
      {
        "baseColorFactor": null,
        "metallicFactor": null,
        "opacityFactor": null,
        "roughnessFactor": null
      },
      {
        "baseColorFactor": null,
        "metallicFactor": null,
        "opacityFactor": null,
        "roughnessFactor": null
      }
    ],
    "alphaRef": 0,
    "alphaTest": true,
    "castShadows": false,
    "doubleSided": true,
    "dynamicCubemap": true,
    "translucent": true,
    "translucentBlendOp": "PreMulAlpha",
    "version": 1.5
  },
  "gabryf40_glass_int": {
    "name": "gabryf40_glass_int",
    "mapTo": "gabryf40_glass_int",
    "class": "Material",
    "persistentId": "9b547722-4ccd-4c29-bea6-76f19dbad310",
    "Stages": [
      {
        "baseColorMap": "vehicles/gabryf40/txt/gabryf40_glass_b.color.png",
        "metallicFactor": 1,
        "normalMap": "/vehicles/common/null_n.dds",
        "opacityMap": "/vehicles/gabryf40/txt/gabryf40_glass_o.data.png",
        "pixelSpecular": true
      },
      {
        "metallicFactor": null,
        "pixelSpecular": null
      },
      {
        "metallicFactor": null,
        "pixelSpecular": null
      },
      {
        "metallicFactor": null,
        "pixelSpecular": null
      }
    ],
    "alphaRef": 0,
    "castShadows": false,
    "dynamicCubemap": true,
    "materialTag0": "beamng",
    "materialTag1": "vehicle",
    "translucent": true,
    "translucentBlendOp": "PreMulAlpha",
    "translucentRecvShadows": true,
    "version": 1.5
  },
  "gabryf40_grid_2": {
    "name": "gabryf40_grid_2",
    "mapTo": "gabryf40_grid_2",
    "class": "Material",
    "persistentId": "f9dfcd24-eb62-4219-b1e2-e7b0acd79e68",
    "Stages": [
      {
        "colorMap": "/vehicles/gabryf40/txt/gabryf40_grid_2.png",
        "diffuseColor": [
          0.288029999,
          0.288029999,
          0.288029999,
          1
        ],
        "normalMap": "/vehicles/gabryf40/txt/gabryf40_grid_n2.png",
        "roughnessFactor": 0.497000009
      },
      {
        "diffuseColor": null,
        "roughnessFactor": 0.607767701
      },
      {
        "diffuseColor": null,
        "roughnessFactor": null
      },
      {
        "diffuseColor": null,
        "roughnessFactor": null
      }
    ],
    "alphaRef": 86,
    "alphaTest": true,
    "doubleSided": true,
    "materialTag0": "beamng",
    "materialTag1": "vehicle",
    "translucentBlendOp": "None",
    "translucentRecvShadows": true
  },
  "gabryf40_grille1_alpha": {
    "name": "gabryf40_grille1_alpha",
    "mapTo": "gabryf40_grille1_alpha",
    "class": "Material",
    "persistentId": "b8393a46-98c8-40e1-a3d5-da24aae72f3a",
    "Stages": [
      {
        "colorMap": "/vehicles/gabryf40/txt/gabryf40_grille1.png",
        "diffuseColor": [
          0,
          0,
          0,
          1
        ],
        "normalMap": "/vehicles/gabryf40/txt/gabryf40_grille1_alpha_nm.png",
        "roughnessFactor": 0.497000009
      },
      {
        "diffuseColor": null,
        "roughnessFactor": 0.607767701
      },
      {
        "diffuseColor": null,
        "roughnessFactor": null
      },
      {
        "diffuseColor": null,
        "roughnessFactor": null
      }
    ],
    "alphaRef": 86,
    "alphaTest": true,
    "doubleSided": true,
    "materialTag0": "beamng",
    "materialTag1": "vehicle",
    "translucentBlendOp": "None",
    "translucentRecvShadows": true
  },
  "gabryf40_headlight_b": {
    "name": "gabryf40_headlight_b",
    "mapTo": "gabryf40_headlight_b",
    "class": "Material",
    "persistentId": "4402db35-b1ba-40e2-bc5f-924e9c91a282",
    "Stages": [
      {
        "baseColorFactor": [
          0.879513025,
          0.879513025,
          0.879513025,
          1
        ],
        "baseColorMap": "/vehicles/gabryf40/txt/gabryf40_headlight_b.png",
        "metallicFactor": 1,
        "roughnessFactor": 0.442000002
      },
      {
        "baseColorFactor": null,
        "metallicFactor": null,
        "roughnessFactor": 0.607767701
      },
      {
        "baseColorFactor": null,
        "metallicFactor": null,
        "roughnessFactor": null
      },
      {
        "baseColorFactor": null,
        "metallicFactor": null,
        "roughnessFactor": null
      }
    ],
    "alphaRef": 86,
    "alphaTest": true,
    "doubleSided": true,
    "dynamicCubemap": true,
    "materialTag0": "beamng",
    "materialTag1": "vehicle",
    "translucentBlendOp": "None",
    "translucentRecvShadows": true,
    "version": 1.5
  },
  "gabryf40_headlight_glass": {
    "name": "gabryf40_headlight_glass",
    "mapTo": "gabryf40_headlight_glass",
    "class": "Material",
    "persistentId": "e7054f8d-a6da-4fde-8558-ec26ca03b857",
    "Stages": [
      {
        "baseColorFactor": [
          0.81379199,
          0.81379199,
          0.81379199,
          1
        ],
        "baseColorMap": "/vehicles/gabryf40/txt/gabryf40_headlight_glass_d.png",
        "metallicFactor": 0.397000015,
        "opacityFactor": 0.264999986,
        "roughnessFactor": 0
      },
      {
        "baseColorFactor": null,
        "metallicFactor": null,
        "opacityFactor": null,
        "roughnessFactor": null
      },
      {
        "baseColorFactor": null,
        "metallicFactor": null,
        "opacityFactor": null,
        "roughnessFactor": null
      },
      {
        "baseColorFactor": null,
        "metallicFactor": null,
        "opacityFactor": null,
        "roughnessFactor": null
      }
    ],
    "alphaTest": true,
    "dynamicCubemap": true,
    "translucent": true,
    "translucentBlendOp": "PreMulAlpha",
    "version": 1.5
  },
  "gabryf40_headlightsin_glass": {
    "name": "gabryf40_headlightsin_glass",
    "mapTo": "gabryf40_headlightsin_glass",
    "class": "Material",
    "persistentId": "0c2d1e5a-1ae9-474e-9dde-45c653890a24",
    "Stages": [
      {
        "baseColorMap": "/vehicles/gabryf40/txt/gabryf40_headlightsin_d.png",
        "metallicFactor": 1,
        "opacityFactor": 0.354000002,
        "roughnessFactor": 0
      },
      {
        "metallicFactor": null,
        "opacityFactor": null,
        "roughnessFactor": null
      },
      {
        "metallicFactor": null,
        "opacityFactor": null,
        "roughnessFactor": null
      },
      {
        "metallicFactor": null,
        "opacityFactor": null,
        "roughnessFactor": null
      }
    ],
    "alphaTest": true,
    "doubleSided": true,
    "dynamicCubemap": true,
    "translucent": true,
    "translucentBlendOp": "PreMulAlpha",
    "version": 1.5
  },
  "gabryf40_highbeam": {
    "name": "gabryf40_highbeam",
    "mapTo": "gabryf40_highbeam",
    "class": "Material",
    "persistentId": "c13f4271-b153-4040-8ee7-ac5ecb301b9b",
    "Stages": [
      {},
      {},
      {},
      {}
    ],
    "doubleSided": true,
    "translucentRecvShadows": true
  },
  "gabryf40_leather02_perforated_darkgrey": {
    "name": "gabryf40_leather02_perforated_darkgrey",
    "mapTo": "gabryf40_leather02_perforated_darkgrey",
    "class": "Material",
    "persistentId": "330e82d6-e22d-4652-be26-dca74431395b",
    "Stages": [
      {
        "baseColorFactor": [
          0.75354898,
          0.75354898,
          0.75354898,
          1
        ],
        "baseColorMap": "/vehicles/gabryf40/txt/gabryf40_leather02_perforated_darkgrey.png",
        "instanceDiffuse": true,
        "normalMap": "/vehicles/gabryf40/txt/gabryf40_leather02_perforated_darkgrey_nm.png",
        "roughnessFactor": null
      },
      {
        "baseColorFactor": null,
        "instanceDiffuse": null,
        "roughnessFactor": 0.607767701
      },
      {
        "baseColorFactor": null,
        "instanceDiffuse": null,
        "roughnessFactor": null
      },
      {
        "baseColorFactor": null,
        "instanceDiffuse": null,
        "roughnessFactor": null
      }
    ],
    "alphaRef": 86,
    "alphaTest": true,
    "doubleSided": true,
    "dynamicCubemap": true,
    "materialTag0": "beamng",
    "materialTag1": "vehicle",
    "translucentBlendOp": "None",
    "translucentRecvShadows": true,
    "version": 1.5
  },
  "gabryf40_logos_d": {
    "name": "gabryf40_logos_d",
    "mapTo": "gabryf40_logos_d",
    "class": "Material",
    "persistentId": "fc5ae4d4-4561-4187-bf18-ef08b4ce9424",
    "Stages": [
      {
        "baseColorMap": "/vehicles/gabryf40/txt/gabryf40_logos_d.png",
        "metallicFactor": 1,
        "normalMap": "/vehicles/gabryf40/txt/gabryf40_logos_n.png",
        "roughnessFactor": null
      },
      {
        "metallicFactor": null,
        "roughnessFactor": 0.607767701
      },
      {
        "metallicFactor": null,
        "roughnessFactor": null
      },
      {
        "metallicFactor": null,
        "roughnessFactor": null
      }
    ],
    "alphaRef": 86,
    "alphaTest": true,
    "doubleSided": true,
    "dynamicCubemap": true,
    "materialTag0": "beamng",
    "materialTag1": "vehicle",
    "translucentBlendOp": "None",
    "translucentRecvShadows": true,
    "version": 1.5
  },
  "gabryf40_logos_d_alpha": {
    "name": "gabryf40_logos_d_alpha",
    "mapTo": "gabryf40_logos_d_alpha",
    "class": "Material",
    "persistentId": "a53ab0c6-24ec-4105-9fa6-387e6e46f1d9",
    "Stages": [
      {
        "colorMap": "/vehicles/gabryf40/txt/gabryf40_logos_d.png",
        "diffuseColor": [
          0.934279978,
          0.934279978,
          0.934279978,
          1
        ],
        "normalMap": "/vehicles/gabryf40/txt/gabryf40_logos_n.png",
        "roughnessFactor": 0.497000009
      },
      {
        "diffuseColor": null,
        "roughnessFactor": 0.607767701
      },
      {
        "diffuseColor": null,
        "roughnessFactor": null
      },
      {
        "diffuseColor": null,
        "roughnessFactor": null
      }
    ],
    "alphaRef": 86,
    "alphaTest": true,
    "doubleSided": true,
    "materialTag0": "beamng",
    "materialTag1": "vehicle",
    "translucentBlendOp": "None",
    "translucentRecvShadows": true
  },
  "gabryf40_lowbeam": {
    "name": "gabryf40_lowbeam",
    "mapTo": "gabryf40_lowbeam",
    "class": "Material",
    "persistentId": "2218482d-1464-444f-affd-a3d474ec5d6f",
    "Stages": [
      {},
      {},
      {},
      {}
    ],
    "doubleSided": true,
    "translucentRecvShadows": true
  },
  "gabryf40_main_col": {
    "name": "gabryf40_main_col",
    "mapTo": "body",
    "class": "Material",
    "persistentId": "91ad4eaf-54ba-42db-93db-5b4ddebfee2b",
    "Stages": [
      {
        "ambientOcclusionMap": "/vehicles/gabryf40/pbr/gabryf40_main_ao.dds",
        "baseColorMap": "/vehicles/gabryf40/pbr/gabryf40_main_b.dds",
        "clearCoatFactor": null,
        "colorPaletteMapUseUV": null,
        "instanceDiffuse": null,
        "metallicFactor": 1,
        "metallicMap": "/vehicles/gabryf40/pbr/gabryf40_main_m.dds",
        "normalMap": "vehicles/gabryf40/pbr/commonl_n.dds",
        "roughnessMap": "/vehicles/gabryf40/pbr/gabryf40_main_r.dds"
      },
      {
        "ambientOcclusionMap": "/vehicles/gabryf40/pbr/gabryf40_main_ao.dds",
        "clearCoatFactor": 1,
        "clearCoatMap": "/vehicles/gabryf40/pbr/gabryf40_main_cc.dds",
        "colorPaletteMap": "/vehicles/gabryf40/pbr/gabryf40_main_p.dds",
        "colorPaletteMapUseUV": 1,
        "instanceDiffuse": true,
        "metallicFactor": 1,
        "normalMap": "/vehicles/gabryf40/pbr/commonl_n.dds",
        "opacityMap": "/vehicles/gabryf40/pbr/gabryf40_main_c.dds"
      },
      {
        "clearCoatFactor": null,
        "colorPaletteMapUseUV": null,
        "instanceDiffuse": null,
        "metallicFactor": null
      },
      {
        "clearCoatFactor": null,
        "colorPaletteMapUseUV": null,
        "instanceDiffuse": null,
        "metallicFactor": null
      }
    ],
    "activeLayers": 2,
    "doubleSided": true,
    "dynamicCubemap": true,
    "materialTag0": "beamng",
    "materialTag1": "vehicle",
    "translucentRecvShadows": true,
    "version": 1.5
  },
  "gabryf40_mat_metallo_nero": {
    "name": "gabryf40_mat_metallo_nero",
    "mapTo": "gabryf40_mat_metallo_nero",
    "class": "Material",
    "persistentId": "727ce491-9e8c-4ed2-ba2d-4cc66b359acf",
    "Stages": [
      {
        "baseColorFactor": [
          0.485190988,
          0.485190988,
          0.485190988,
          1
        ],
        "baseColorMap": "/vehicles/gabryf40/txt/gabryf40_mat_metallo_nero.png",
        "metallicFactor": 0.26699999,
        "roughnessFactor": 0.0680000037
      },
      {
        "baseColorFactor": null,
        "metallicFactor": null,
        "roughnessFactor": 0.607767701
      },
      {
        "baseColorFactor": null,
        "metallicFactor": null,
        "roughnessFactor": null
      },
      {
        "baseColorFactor": null,
        "metallicFactor": null,
        "roughnessFactor": null
      }
    ],
    "alphaRef": 86,
    "alphaTest": true,
    "doubleSided": true,
    "dynamicCubemap": true,
    "materialTag0": "beamng",
    "materialTag1": "vehicle",
    "translucentBlendOp": "None",
    "translucentRecvShadows": true,
    "version": 1.5
  },
  "gabryf40_mechanics": {
    "name": "gabryf40_mechanics",
    "mapTo": "gabryf40_mechanics",
    "class": "Material",
    "persistentId": "cfe593ca-23ae-479c-ba76-fb22961961f6",
    "Stages": [
      {
        "ambientOcclusionMap": "/vehicles/gabryf40/txt/gabryf40_mechanics_ao.png",
        "baseColorFactor": [
          0.320890009,
          0.320890009,
          0.320890009,
          1
        ],
        "baseColorMap": "/vehicles/gabryf40/txt/gabryf40_mechanics_d.png",
        "metallicFactor": 0.275999993,
        "normalMap": "/vehicles/gabryf40/txt/gabryf40_mechanics_nm.png",
        "roughnessFactor": 0.56400001
      },
      {
        "baseColorFactor": null,
        "metallicFactor": null,
        "roughnessFactor": 0.607767701
      },
      {
        "baseColorFactor": null,
        "metallicFactor": null,
        "roughnessFactor": null
      },
      {
        "baseColorFactor": null,
        "metallicFactor": null,
        "roughnessFactor": null
      }
    ],
    "alphaRef": 86,
    "alphaTest": true,
    "doubleSided": true,
    "dynamicCubemap": true,
    "materialTag0": "beamng",
    "materialTag1": "vehicle",
    "translucentBlendOp": "None",
    "translucentRecvShadows": true,
    "version": 1.5
  },
  "gabryf40_molla": {
    "name": "gabryf40_molla",
    "mapTo": "gabryf40_molla",
    "class": "Material",
    "persistentId": "a421aa23-f2b9-4128-89b1-a82c7fa09bb3",
    "Stages": [
      {
        "colorMap": "/vehicles/gabryf40/txt/gabryf40_molla.png",
        "diffuseColor": [
          0.419470996,
          0.419470996,
          0.419470996,
          1
        ],
        "normalMap": "/vehicles/gabryf40/txt/gabryf40_molla_nm.png",
        "roughnessFactor": 0.497000009
      },
      {
        "diffuseColor": null,
        "roughnessFactor": 0.607767701
      },
      {
        "diffuseColor": null,
        "roughnessFactor": null
      },
      {
        "diffuseColor": null,
        "roughnessFactor": null
      }
    ],
    "alphaRef": 86,
    "alphaTest": true,
    "doubleSided": true,
    "materialTag0": "beamng",
    "materialTag1": "vehicle",
    "translucentBlendOp": "None",
    "translucentRecvShadows": true
  },
  "gabryf40_pedali": {
    "name": "gabryf40_pedali",
    "mapTo": "gabryf40_pedali",
    "class": "Material",
    "persistentId": "5f34ce62-8649-4729-ad00-6ea87bbe196e",
    "Stages": [
      {
        "baseColorFactor": [
          0.917850018,
          0.917850018,
          0.917850018,
          1
        ],
        "baseColorMap": "/vehicles/gabryf40/txt/gabryf40_pedali.png",
        "metallicFactor": 0.713,
        "normalMap": "/vehicles/gabryf40/txt/gabryf40_pedali_nm.png",
        "roughnessFactor": 0.546999991
      },
      {
        "baseColorFactor": null,
        "metallicFactor": null,
        "roughnessFactor": 0.607767701
      },
      {
        "baseColorFactor": null,
        "metallicFactor": null,
        "roughnessFactor": null
      },
      {
        "baseColorFactor": null,
        "metallicFactor": null,
        "roughnessFactor": null
      }
    ],
    "alphaRef": 86,
    "alphaTest": true,
    "doubleSided": true,
    "dynamicCubemap": true,
    "materialTag0": "beamng",
    "materialTag1": "vehicle",
    "translucentBlendOp": "None",
    "translucentRecvShadows": true,
    "version": 1.5
  },
  "gabryf40_pinze_freni": {
    "name": "gabryf40_pinze_freni",
    "mapTo": "gabryf40_pinze_freni",
    "class": "Material",
    "persistentId": "5c350a30-7db8-4a87-92bd-7b7f84e57518",
    "Stages": [
      {
        "baseColorMap": "/vehicles/gabryf40/txt/gabryf40_pinze_freni.png",
        "metallicFactor": 0.486000001,
        "roughnessFactor": 0.509000003
      },
      {
        "metallicFactor": null,
        "roughnessFactor": 0.607767701
      },
      {
        "metallicFactor": null,
        "roughnessFactor": null
      },
      {
        "metallicFactor": null,
        "roughnessFactor": null
      }
    ],
    "alphaRef": 0,
    "doubleSided": true,
    "dynamicCubemap": true,
    "materialTag0": "beamng",
    "materialTag1": "vehicle",
    "translucentBlendOp": "None",
    "translucentRecvShadows": true,
    "version": 1.5
  },
  "gabryf40_rear_lights_d": {
    "name": "gabryf40_rear_lights_d",
    "mapTo": "gabryf40_rear_lights_d",
    "class": "Material",
    "persistentId": "f0dc0474-29d4-4647-aee2-5e5581f0149a",
    "Stages": [
      {
        "baseColorFactor": [
          0.917850018,
          0.917850018,
          0.917850018,
          1
        ],
        "baseColorMap": "/vehicles/gabryf40/txt/gabryf40_rear_lights_d.png",
        "metallicFactor": 0.880999982,
        "roughnessFactor": 0.296000004
      },
      {
        "baseColorFactor": null,
        "metallicFactor": null,
        "roughnessFactor": 0.607767701
      },
      {
        "baseColorFactor": null,
        "metallicFactor": null,
        "roughnessFactor": null
      },
      {
        "baseColorFactor": null,
        "metallicFactor": null,
        "roughnessFactor": null
      }
    ],
    "alphaRef": 86,
    "alphaTest": true,
    "doubleSided": true,
    "dynamicCubemap": true,
    "materialTag0": "beamng",
    "materialTag1": "vehicle",
    "translucentBlendOp": "None",
    "translucentRecvShadows": true,
    "version": 1.5
  },
  "gabryf40_rear_lights_glass": {
    "name": "gabryf40_rear_lights_glass",
    "mapTo": "gabryf40_rear_lights_glass",
    "class": "Material",
    "persistentId": "3bdadf7a-fb46-4f6b-9c5b-d5e74c4ddd6c",
    "Stages": [
      {
        "baseColorMap": "/vehicles/gabryf40/txt/gabryf40_rear_lights_d.png",
        "metallicFactor": 1,
        "opacityFactor": 0.818000019
      },
      {
        "metallicFactor": null,
        "opacityFactor": null
      },
      {
        "metallicFactor": null,
        "opacityFactor": null
      },
      {
        "metallicFactor": null,
        "opacityFactor": null
      }
    ],
    "alphaTest": true,
    "dynamicCubemap": true,
    "translucent": true,
    "translucentBlendOp": "PreMulAlpha",
    "version": 1.5
  },
  "gabryf40_rear_whitelight_on_intense": {
    "name": "gabryf40_rear_whitelight_on_intense",
    "mapTo": "gabryf40_rear_whitelight_on_intense",
    "class": "Material",
    "persistentId": "b5e5d5d5-6d7b-4cb3-ab17-d6f5609fb0c9",
    "Stages": [
      {
        "ambientOcclusionMap": "/vehicles/gabryf40/txt/gabryf40_rear_lights_ao.png",
        "baseColorMap": "/vehicles/gabryf40/txt/gabryf40_rear_lights_b.png",
        "emissiveFactor": [
          6,
          6,
          6
        ],
        "emissiveMap": "/vehicles/gabryf40/txt/gabryf40_rear_lights_b.png",
        "metallicFactor": 1,
        "metallicMap": "/vehicles/gabryf40/txt/gabryf40_rear_lights_m.png",
        "pixelSpecular": true,
        "roughnessFactor": 0,
        "roughnessMap": "/vehicles/gabryf40/txt/gabryf40_rear_lights_r.png"
      },
      {
        "emissiveFactor": null,
        "metallicFactor": null,
        "pixelSpecular": null,
        "roughnessFactor": null
      },
      {
        "emissiveFactor": null,
        "metallicFactor": null,
        "pixelSpecular": null,
        "roughnessFactor": null
      },
      {
        "emissiveFactor": null,
        "metallicFactor": null,
        "pixelSpecular": null,
        "roughnessFactor": null
      }
    ],
    "alphaRef": 86,
    "doubleSided": true,
    "dynamicCubemap": true,
    "materialTag0": "beamng",
    "materialTag1": "vehicle",
    "translucent": true,
    "translucentBlendOp": "None",
    "translucentRecvShadows": true,
    "version": 1.5
  },
  "gabryf40_redlight_on": {
    "name": "gabryf40_redlight_on",
    "mapTo": "gabryf40_redlight_on",
    "class": "Material",
    "persistentId": "6b854b6e-1bc5-41cc-9015-7e199d1fcbce",
    "Stages": [
      {
        "ambientOcclusionMap": "/vehicles/gabryf40/txt/gabryf40_rear_lights_ao.png",
        "baseColorMap": "/vehicles/gabryf40/txt/gabryf40_rear_lights_b.png",
        "emissiveFactor": [
          3,
          3,
          3
        ],
        "emissiveMap": "/vehicles/gabryf40/txt/gabryf40_rear_lights_b.png",
        "metallicFactor": 1,
        "metallicMap": "/vehicles/gabryf40/txt/gabryf40_rear_lights_m.png",
        "pixelSpecular": true,
        "roughnessMap": "/vehicles/gabryf40/txt/gabryf40_rear_lights_r.png"
      },
      {
        "emissiveFactor": null,
        "metallicFactor": null,
        "pixelSpecular": null
      },
      {
        "emissiveFactor": null,
        "metallicFactor": null,
        "pixelSpecular": null
      },
      {
        "emissiveFactor": null,
        "metallicFactor": null,
        "pixelSpecular": null
      }
    ],
    "alphaRef": 0,
    "dynamicCubemap": true,
    "materialTag0": "beamng",
    "materialTag1": "vehicle",
    "translucent": true,
    "translucentBlendOp": "None",
    "version": 1.5
  },
  "gabryf40_redlight_on_intense": {
    "name": "gabryf40_redlight_on_intense",
    "mapTo": "gabryf40_redlight_on_intense",
    "class": "Material",
    "persistentId": "0372d8e6-92a7-4a33-93de-90dae7082179",
    "Stages": [
      {
        "ambientOcclusionMap": "/vehicles/gabryf40/txt/gabryf40_rear_lights_ao.png",
        "baseColorMap": "/vehicles/gabryf40/txt/gabryf40_rear_lights_b.png",
        "emissiveFactor": [
          7,
          7,
          7
        ],
        "emissiveMap": "/vehicles/gabryf40/txt/gabryf40_rear_lights_b.png",
        "metallicFactor": 1,
        "metallicMap": "/vehicles/gabryf40/txt/gabryf40_rear_lights_m.png",
        "pixelSpecular": true,
        "roughnessMap": "/vehicles/gabryf40/txt/gabryf40_rear_lights_r.png"
      },
      {
        "emissiveFactor": null,
        "metallicFactor": null,
        "pixelSpecular": null
      },
      {
        "emissiveFactor": null,
        "metallicFactor": null,
        "pixelSpecular": null
      },
      {
        "emissiveFactor": null,
        "metallicFactor": null,
        "pixelSpecular": null
      }
    ],
    "alphaRef": 0,
    "dynamicCubemap": true,
    "materialTag0": "beamng",
    "materialTag1": "vehicle",
    "translucent": true,
    "translucentBlendOp": "None",
    "version": 1.5
  },
  "gabryf40_reverselight": {
    "name": "gabryf40_reverselight",
    "mapTo": "gabryf40_reverselight",
    "class": "Material",
    "persistentId": "c8fe8c88-9bbd-4424-b534-38c07ba2e312",
    "Stages": [
      {
        "metallicFactor": 1
      },
      {
        "metallicFactor": null
      },
      {
        "metallicFactor": null
      },
      {
        "metallicFactor": null
      }
    ],
    "doubleSided": true,
    "translucentRecvShadows": true,
    "version": 1.5
  },
  "gabryf40_rims": {
    "name": "gabryf40_rims",
    "mapTo": "gabryf40_rims",
    "class": "Material",
    "persistentId": "90b84c76-22d0-4b86-9f3f-7c733d944aa6",
    "Stages": [
      {
        "baseColorMap": "/vehicles/gabryf40/txt/gabryf40_rims.png",
        "metallicFactor": 0.723999977,
        "roughnessFactor": 0.27700001
      },
      {
        "metallicFactor": null,
        "roughnessFactor": 0.607767701
      },
      {
        "metallicFactor": null,
        "roughnessFactor": null
      },
      {
        "metallicFactor": null,
        "roughnessFactor": null
      }
    ],
    "alphaRef": 86,
    "alphaTest": true,
    "doubleSided": true,
    "dynamicCubemap": true,
    "materialTag0": "beamng",
    "materialTag1": "vehicle",
    "translucentBlendOp": "None",
    "translucentRecvShadows": true,
    "version": 1.5
  },
  "gabryf40_seats": {
    "name": "gabryf40_seats",
    "mapTo": "gabryf40_seats",
    "class": "Material",
    "persistentId": "d971626d-2220-419b-b627-40537a42281c",
    "Stages": [
      {
        "ambientOcclusionMap": "/vehicles/gabryf40/txt/gabryf40_seats_ao.png",
        "baseColorMap": "/vehicles/gabryf40/txt/gabryf40_seats_b.color.png",
        "metallicFactor": 1,
        "metallicMap": "/vehicles/gabryf40/txt/gabryf40_seats_m.png",
        "roughnessFactor": null
      },
      {
        "metallicFactor": null,
        "roughnessFactor": 0.607767701
      },
      {
        "metallicFactor": null,
        "roughnessFactor": null
      },
      {
        "metallicFactor": null,
        "roughnessFactor": null
      }
    ],
    "alphaRef": 0,
    "doubleSided": true,
    "dynamicCubemap": true,
    "materialTag0": "beamng",
    "materialTag1": "vehicle",
    "translucentBlendOp": "None",
    "translucentRecvShadows": true,
    "version": 1.5
  },
  "gabryf40_shift_ball": {
    "name": "gabryf40_shift_ball",
    "mapTo": "gabryf40_shift_ball",
    "class": "Material",
    "persistentId": "2ea1b835-9e11-4f64-b103-d0244ae11144",
    "Stages": [
      {
        "baseColorMap": "/vehicles/gabryf40/txt/gabryf40_shift_ball.png",
        "metallicFactor": 0.869000018,
        "roughnessFactor": null
      },
      {
        "metallicFactor": null,
        "roughnessFactor": 0.607767701
      },
      {
        "metallicFactor": null,
        "roughnessFactor": null
      },
      {
        "metallicFactor": null,
        "roughnessFactor": null
      }
    ],
    "alphaRef": 86,
    "alphaTest": true,
    "doubleSided": true,
    "dynamicCubemap": true,
    "materialTag0": "beamng",
    "materialTag1": "vehicle",
    "translucentBlendOp": "None",
    "translucentRecvShadows": true,
    "version": 1.5
  },
  "gabryf40_signal_L": {
    "name": "gabryf40_signal_L",
    "mapTo": "gabryf40_signal_L",
    "class": "Material",
    "persistentId": "46214881-d5df-4390-802f-8f22020e0b2c",
    "Stages": [
      {},
      {},
      {},
      {}
    ],
    "doubleSided": true,
    "translucentRecvShadows": true
  },
  "gabryf40_signal_R": {
    "name": "gabryf40_signal_R",
    "mapTo": "gabryf40_signal_R",
    "class": "Material",
    "persistentId": "788a59d5-aa1f-4ae6-88fd-a40b15ed95f1",
    "Stages": [
      {},
      {},
      {},
      {}
    ],
    "doubleSided": true,
    "translucentRecvShadows": true
  },
  "gabryf40_signal_on": {
    "name": "gabryf40_signal_on",
    "mapTo": "gabryf40_signal_on",
    "class": "Material",
    "persistentId": "75f74154-c68e-4e6b-b643-757669f3c5b1",
    "Stages": [
      {
        "ambientOcclusionMap": "/vehicles/gabryf40/txt/gabryf40_headlight_ao.png",
        "baseColorMap": "/vehicles/gabryf40/txt/gabryf40_headlight_b.png",
        "emissiveFactor": [
          9.01960754,
          3.92156911,
          0
        ],
        "emissiveMap": "/vehicles/gabryf40/txt/gabryf40_headlight_b.png",
        "metallicFactor": 1,
        "metallicMap": "/vehicles/gabryf40/txt/gabryf40_headlight_m.png",
        "pixelSpecular": true,
        "roughnessMap": "/vehicles/gabryf40/txt/gabryf40_headlight_r.png"
      },
      {
        "emissiveFactor": null,
        "metallicFactor": null,
        "pixelSpecular": null
      },
      {
        "emissiveFactor": null,
        "metallicFactor": null,
        "pixelSpecular": null
      },
      {
        "emissiveFactor": null,
        "metallicFactor": null,
        "pixelSpecular": null
      }
    ],
    "alphaRef": 86,
    "doubleSided": true,
    "dynamicCubemap": true,
    "materialTag0": "beamng",
    "materialTag1": "vehicle",
    "translucent": true,
    "translucentBlendOp": "None",
    "translucentRecvShadows": true,
    "version": 1.5
  },
  "gabryf40_signal_rear_on": {
    "name": "gabryf40_signal_rear_on",
    "mapTo": "gabryf40_signal_rear_on",
    "class": "Material",
    "persistentId": "317a77e1-5a37-4c7a-95c1-1d2289e2717d",
    "Stages": [
      {
        "ambientOcclusionMap": "/vehicles/gabryf40/txt/gabryf40_rear_lights_ao.png",
        "baseColorMap": "/vehicles/gabryf40/txt/gabryf40_rear_lights_b.png",
        "emissiveFactor": [
          6.01960754,
          0.921569109,
          0
        ],
        "emissiveMap": "/vehicles/gabryf40/txt/gabryf40_rear_lights_b.png",
        "metallicFactor": 1,
        "metallicMap": "/vehicles/gabryf40/txt/gabryf40_rear_lights_m.png",
        "pixelSpecular": true,
        "roughnessMap": "/vehicles/gabryf40/txt/gabryf40_rear_lights_r.png"
      },
      {
        "emissiveFactor": null,
        "metallicFactor": null,
        "pixelSpecular": null
      },
      {
        "emissiveFactor": null,
        "metallicFactor": null,
        "pixelSpecular": null
      },
      {
        "emissiveFactor": null,
        "metallicFactor": null,
        "pixelSpecular": null
      }
    ],
    "alphaRef": 86,
    "doubleSided": true,
    "dynamicCubemap": true,
    "materialTag0": "beamng",
    "materialTag1": "vehicle",
    "translucent": true,
    "translucentBlendOp": "None",
    "translucentRecvShadows": true,
    "version": 1.5
  },
  "gabryf40_skin": {
    "name": "gabryf40_skin",
    "mapTo": "gabryf40_skin",
    "class": "Material",
    "persistentId": "0d86b000-b9a9-4533-9d8e-2d3c76c960ce",
    "Stages": [
      {
        "baseColorFactor": [
          0.512574017,
          0.512574017,
          0.512574017,
          1
        ],
        "baseColorMap": "/vehicles/gabryf40/txt/gabryf40_skin.png",
        "metallicFactor": 0.492000014,
        "normalMap": "/vehicles/gabryf40/txt/gabryf40_skin_nm.png",
        "roughnessFactor": 0.474999994
      },
      {
        "baseColorFactor": null,
        "metallicFactor": null,
        "roughnessFactor": 0.607767701
      },
      {
        "baseColorFactor": null,
        "metallicFactor": null,
        "roughnessFactor": null
      },
      {
        "baseColorFactor": null,
        "metallicFactor": null,
        "roughnessFactor": null
      }
    ],
    "alphaRef": 86,
    "alphaTest": true,
    "doubleSided": true,
    "dynamicCubemap": true,
    "materialTag0": "beamng",
    "materialTag1": "vehicle",
    "translucentBlendOp": "None",
    "translucentRecvShadows": true,
    "version": 1.5
  },
  "gabryf40_smod_racedetail_d": {
    "name": "gabryf40_smod_racedetail_d",
    "mapTo": "gabryf40_smod_racedetail_d",
    "class": "Material",
    "persistentId": "d68527d1-2182-4887-8125-150c524fe48f",
    "Stages": [
      {
        "baseColorFactor": [
          1,
          0.967140019,
          0.967140019,
          1
        ],
        "baseColorMap": "/vehicles/gabryf40/txt/gabryf40_smod_racedetail_d.png",
        "metallicFactor": 1,
        "roughnessFactor": 0.442000002
      },
      {
        "baseColorFactor": null,
        "metallicFactor": null,
        "roughnessFactor": 0.607767701
      },
      {
        "baseColorFactor": null,
        "metallicFactor": null,
        "roughnessFactor": null
      },
      {
        "baseColorFactor": null,
        "metallicFactor": null,
        "roughnessFactor": null
      }
    ],
    "alphaRef": 86,
    "alphaTest": true,
    "doubleSided": true,
    "dynamicCubemap": true,
    "materialTag0": "beamng",
    "materialTag1": "vehicle",
    "translucentBlendOp": "None",
    "translucentRecvShadows": true,
    "version": 1.5
  },
  "gabryf40_stoffa_puntini": {
    "name": "gabryf40_stoffa_puntini",
    "mapTo": "gabryf40_stoffa_puntini",
    "class": "Material",
    "persistentId": "4ec3a1cb-af48-458e-a9da-99fa5e2eeb35",
    "Stages": [
      {
        "baseColorFactor": [
          0.720688999,
          0.720688999,
          0.720688999,
          1
        ],
        "baseColorMap": "/vehicles/gabryf40/txt/gabryf40_Stoffa_puntini.png",
        "metallicFactor": 1,
        "normalMap": "/vehicles/gabryf40/txt/gabryf40_Stoffa_puntini_NM.png",
        "roughnessFactor": null
      },
      {
        "baseColorFactor": null,
        "metallicFactor": null,
        "roughnessFactor": 0.607767701
      },
      {
        "baseColorFactor": null,
        "metallicFactor": null,
        "roughnessFactor": null
      },
      {
        "baseColorFactor": null,
        "metallicFactor": null,
        "roughnessFactor": null
      }
    ],
    "alphaRef": 86,
    "alphaTest": true,
    "doubleSided": true,
    "dynamicCubemap": true,
    "materialTag0": "beamng",
    "materialTag1": "vehicle",
    "translucentBlendOp": "None",
    "translucentRecvShadows": true,
    "version": 1.5
  },
  "gabryf40_symbols": {
    "name": "gabryf40_symbols",
    "mapTo": "gabryf40_symbols",
    "class": "Material",
    "persistentId": "03e14cbe-4018-494c-a5fa-10382dbdf606",
    "Stages": [
      {
        "colorMap": "/vehicles/gabryf40/txt/gabryf40_display_intf40.png",
        "diffuseColor": [
          0.687829018,
          0.687829018,
          0.687829018,
          1
        ],
        "pixelSpecular": true,
        "reflectivityMap": "/vehicles/gabryf40/txt/gabryf40_display_intf40.png",
        "reflectivityMapFactor": 0.31400001,
        "roughnessFactor": 0.445299804,
        "specularMap": "/vehicles/gabryf40/txt/gabryf40_display_intf40.png",
        "useAnisotropic": true
      },
      {
        "diffuseColor": null,
        "pixelSpecular": null,
        "reflectivityMapFactor": null,
        "roughnessFactor": null,
        "useAnisotropic": null
      },
      {
        "diffuseColor": null,
        "pixelSpecular": null,
        "reflectivityMapFactor": null,
        "roughnessFactor": null,
        "useAnisotropic": null
      },
      {
        "diffuseColor": null,
        "pixelSpecular": null,
        "reflectivityMapFactor": null,
        "roughnessFactor": null,
        "useAnisotropic": null
      }
    ],
    "alphaRef": 70,
    "alphaTest": true,
    "doubleSided": true,
    "dynamicCubemap": true,
    "materialTag0": "beamng",
    "materialTag1": "vehicle",
    "materialTag2": "decal",
    "translucentBlendOp": "None",
    "translucentRecvShadows": true
  },
  "gabryf40_symbols_on": {
    "name": "gabryf40_symbols_on",
    "mapTo": "gabryf40_symbols_on",
    "class": "Material",
    "persistentId": "11ccd781-2114-4375-99fb-44b25330c182",
    "Stages": [
      {
        "colorMap": "/vehicles/gabryf40/txt/gabryf40_display_intf40.png",
        "emissive": true,
        "glowFactor": [
          0.170746997,
          0.170745,
          0.170745
        ],
        "pixelSpecular": true,
        "reflectivityMapFactor": 0,
        "roughnessFactor": 0,
        "useAnisotropic": true
      },
      {
        "emissive": null,
        "glowFactor": null,
        "pixelSpecular": null,
        "reflectivityMapFactor": null,
        "roughnessFactor": null,
        "useAnisotropic": null
      },
      {
        "emissive": null,
        "glowFactor": null,
        "pixelSpecular": null,
        "reflectivityMapFactor": null,
        "roughnessFactor": null,
        "useAnisotropic": null
      },
      {
        "emissive": null,
        "glowFactor": null,
        "pixelSpecular": null,
        "reflectivityMapFactor": null,
        "roughnessFactor": null,
        "useAnisotropic": null
      }
    ],
    "alphaRef": 71,
    "alphaTest": true,
    "doubleSided": true,
    "dynamicCubemap": true,
    "invertBackFaceNormals": true,
    "materialTag0": "Miscellaneous",
    "materialTag1": "vehicle",
    "translucent": true,
    "translucentBlendOp": "None"
  },
  "gabryf40_taillight": {
    "name": "gabryf40_taillight",
    "mapTo": "gabryf40_taillight",
    "class": "Material",
    "persistentId": "6263199b-7df9-4184-9431-2d84e9f20d48",
    "Stages": [
      {},
      {},
      {},
      {}
    ],
    "doubleSided": true,
    "translucentRecvShadows": true,
    "version": 1.5
  },
  "gabryf40_tappetini": {
    "name": "gabryf40_tappetini",
    "mapTo": "gabryf40_tappetini",
    "class": "Material",
    "persistentId": "12542cbe-1a1a-4f83-be3b-b07623cf6d96",
    "Stages": [
      {
        "baseColorFactor": [
          0.534480989,
          0.534480989,
          0.534480989,
          1
        ],
        "baseColorMap": "/vehicles/gabryf40/txt/gabryf40_tappetini.png",
        "metallicFactor": 0.884000003,
        "normalMap": "/vehicles/gabryf40/txt/gabryf40_tappetini_nm.png",
        "roughnessFactor": 0.972000003
      },
      {
        "baseColorFactor": null,
        "metallicFactor": null,
        "roughnessFactor": 0.607767701
      },
      {
        "baseColorFactor": null,
        "metallicFactor": null,
        "roughnessFactor": null
      },
      {
        "baseColorFactor": null,
        "metallicFactor": null,
        "roughnessFactor": null
      }
    ],
    "alphaRef": 86,
    "alphaTest": true,
    "doubleSided": true,
    "dynamicCubemap": true,
    "materialTag0": "beamng",
    "materialTag1": "vehicle",
    "translucentBlendOp": "None",
    "translucentRecvShadows": true,
    "version": 1.5
  },
  "gabryf40_tires": {
    "name": "gabryf40_tires",
    "mapTo": "gabryf40_tires",
    "class": "Material",
    "persistentId": "ba31d289-0d1b-41e1-a60d-a6f8e6d73a71",
    "Stages": [
      {
        "ambientOcclusionMap": "/vehicles/gabryf40/txt/gabryf40_tires_ao.data.png",
        "baseColorMap": "/vehicles/gabryf40/txt/gabryf40_tires_b.color.png",
        "metallicFactor": 0.504999995,
        "normalMap": "/vehicles/gabryf40/txt/gabryf40_tires_nm.normal.png",
        "roughnessFactor": 0.795000017
      },
      {
        "metallicFactor": null,
        "roughnessFactor": null
      },
      {
        "metallicFactor": null,
        "roughnessFactor": null
      },
      {
        "metallicFactor": null,
        "roughnessFactor": null
      }
    ],
    "alphaRef": 0,
    "doubleSided": true,
    "dynamicCubemap": true,
    "invertBackFaceNormals": true,
    "materialTag0": "beamng",
    "materialTag1": "vehicle",
    "version": 1.5
  },
  "gabryf40_tires": {
    "name": "gabryf40_tires",
    "mapTo": "gabryf40_tires",
    "class": "Material",
    "persistentId": "ba31d289-0d1b-41e1-a60d-a6f8e6d73a71",
    "Stages": [
      {
        "ambientOcclusionMap": "/vehicles/gabryf40/txt/gabryf40_tires_ao.data.png",
        "baseColorMap": "/vehicles/gabryf40/txt/gabryf40_tires_b.color.png",
        "metallicFactor": 0.504999995,
        "normalMap": "/vehicles/gabryf40/txt/gabryf40_tires_nm.normal.png",
        "roughnessFactor": 0.795000017
      },
      {
        "metallicFactor": null,
        "roughnessFactor": null
      },
      {
        "metallicFactor": null,
        "roughnessFactor": null
      },
      {
        "metallicFactor": null,
        "roughnessFactor": null
      }
    ],
    "alphaRef": 0,
    "doubleSided": true,
    "dynamicCubemap": true,
    "invertBackFaceNormals": true,
    "materialTag0": "beamng",
    "materialTag1": "vehicle",
    "version": 1.5
  },
  "gabryf40_vehicle_generic_black_plastic": {
    "name": "gabryf40_vehicle_generic_black_plastic",
    "mapTo": "gabryf40_vehicle_generic_black_plastic",
    "class": "Material",
    "persistentId": "54c6e0d7-9f52-4730-8cf9-d981e7b6a0a6",
    "Stages": [
      {
        "baseColorFactor": [
          0,
          0,
          0,
          1
        ],
        "baseColorMap": "/vehicles/gabryf40/txt/gabryf40_vehicle_generic_black_plastic.png",
        "metallicFactor": 1,
        "roughnessFactor": null
      },
      {
        "baseColorFactor": null,
        "metallicFactor": null,
        "roughnessFactor": 0.607767701
      },
      {
        "baseColorFactor": null,
        "metallicFactor": null,
        "roughnessFactor": null
      },
      {
        "baseColorFactor": null,
        "metallicFactor": null,
        "roughnessFactor": null
      }
    ],
    "alphaRef": 86,
    "alphaTest": true,
    "doubleSided": true,
    "dynamicCubemap": true,
    "materialTag0": "beamng",
    "materialTag1": "vehicle",
    "translucentBlendOp": "None",
    "translucentRecvShadows": true,
    "version": 1.5
  },
  "gabryf40_vehicle_generic_black_plastic_doors": {
    "name": "gabryf40_vehicle_generic_black_plastic_doors",
    "mapTo": "gabryf40_vehicle_generic_black_plastic_doors",
    "class": "Material",
    "persistentId": "1e5ffc33-84f0-42a3-b952-3d2cd3d88675",
    "Stages": [
      {
        "baseColorFactor": [
          0.364704013,
          0.364704013,
          0.364704013,
          1
        ],
        "baseColorMap": "/vehicles/gabryf40/txt/gabryf40_plasticspec.png",
        "metallicFactor": 0.419999987,
        "roughnessFactor": null
      },
      {
        "baseColorFactor": null,
        "metallicFactor": null,
        "roughnessFactor": 0.607767701
      },
      {
        "baseColorFactor": null,
        "metallicFactor": null,
        "roughnessFactor": null
      },
      {
        "baseColorFactor": null,
        "metallicFactor": null,
        "roughnessFactor": null
      }
    ],
    "alphaRef": 86,
    "alphaTest": true,
    "doubleSided": true,
    "dynamicCubemap": true,
    "materialTag0": "beamng",
    "materialTag1": "vehicle",
    "translucentBlendOp": "None",
    "translucentRecvShadows": true,
    "version": 1.5
  },
  "gabryf40_vehicle_generic_black_plastic_int": {
    "name": "gabryf40_vehicle_generic_black_plastic_int",
    "mapTo": "gabryf40_vehicle_generic_black_plastic_int",
    "class": "Material",
    "persistentId": "d36a0ed3-0e23-4a0f-925c-3ab7599e932b",
    "Stages": [
      {
        "baseColorFactor": [
          0,
          0,
          0,
          1
        ],
        "baseColorMap": "/vehicles/gabryf40/txt/gabryf40_vehicle_generic_black_plastic.png",
        "metallicFactor": 0.25999999,
        "roughnessFactor": null
      },
      {
        "baseColorFactor": null,
        "metallicFactor": null,
        "roughnessFactor": 0.607767701
      },
      {
        "baseColorFactor": null,
        "metallicFactor": null,
        "roughnessFactor": null
      },
      {
        "baseColorFactor": null,
        "metallicFactor": null,
        "roughnessFactor": null
      }
    ],
    "alphaRef": 86,
    "alphaTest": true,
    "doubleSided": true,
    "dynamicCubemap": true,
    "materialTag0": "beamng",
    "materialTag1": "vehicle",
    "translucentBlendOp": "None",
    "translucentRecvShadows": true,
    "version": 1.5
  },
  "gabryf40_vehicle_generic_detail2": {
    "name": "gabryf40_vehicle_generic_detail2",
    "mapTo": "gabryf40_vehicle_generic_detail2",
    "class": "Material",
    "persistentId": "09f26482-9f2f-4abd-ae35-38f742505372",
    "Stages": [
      {
        "baseColorMap": "/vehicles/gabryf40/txt/gabryf40_vehicle_generic_detail_spec.png",
        "metallicFactor": 1,
        "roughnessFactor": 0.524999976
      },
      {
        "metallicFactor": null,
        "roughnessFactor": 0.607767701
      },
      {
        "metallicFactor": null,
        "roughnessFactor": null
      },
      {
        "metallicFactor": null,
        "roughnessFactor": null
      }
    ],
    "alphaRef": 86,
    "alphaTest": true,
    "doubleSided": true,
    "dynamicCubemap": true,
    "materialTag0": "beamng",
    "materialTag1": "vehicle",
    "translucentBlendOp": "None",
    "translucentRecvShadows": true,
    "version": 1.5
  },
  "gabryf40_vehicle_generic_detail_spec": {
    "name": "gabryf40_vehicle_generic_detail_spec",
    "mapTo": "gabryf40_vehicle_generic_detail_spec",
    "class": "Material",
    "persistentId": "0d86b000-b9a9-4533-9d8e-2d3c76c960ce",
    "Stages": [
      {
        "baseColorFactor": [
          0.320890009,
          0.320890009,
          0.320890009,
          1
        ],
        "baseColorMap": "/vehicles/gabryf40/txt/gabryf40_vehicle_generic_detail_spec.png",
        "metallicFactor": 0.419999987,
        "normalMap": "/vehicles/gabryf40/txt/gabryf40_vehicle_generic_detail2_normal.png",
        "roughnessFactor": null
      },
      {
        "baseColorFactor": null,
        "metallicFactor": null,
        "roughnessFactor": 0.607767701
      },
      {
        "baseColorFactor": null,
        "metallicFactor": null,
        "roughnessFactor": null
      },
      {
        "baseColorFactor": null,
        "metallicFactor": null,
        "roughnessFactor": null
      }
    ],
    "alphaRef": 86,
    "alphaTest": true,
    "doubleSided": true,
    "dynamicCubemap": true,
    "materialTag0": "beamng",
    "materialTag1": "vehicle",
    "translucentBlendOp": "None",
    "translucentRecvShadows": true,
    "version": 1.5
  },
  "gabryf40_white_gauges_int": {
    "name": "gabryf40_white_gauges_int",
    "mapTo": "gabryf40_white_gauges_int",
    "class": "Material",
    "persistentId": "e34b88d0-3ccb-4e49-ba6f-1405371a3783",
    "Stages": [
      {
        "baseColorMap": "/vehicles/gabryf40/txt/gabryf40_white_gauges_int_b.png",
        "metallicFactor": 0.326000005,
        "roughnessFactor": 0.72299999
      },
      {
        "metallicFactor": null,
        "roughnessFactor": 0.607767701
      },
      {
        "metallicFactor": null,
        "roughnessFactor": null
      },
      {
        "metallicFactor": null,
        "roughnessFactor": null
      }
    ],
    "alphaRef": 86,
    "alphaTest": true,
    "castShadows": false,
    "doubleSided": true,
    "dynamicCubemap": true,
    "materialTag0": "beamng",
    "materialTag1": "vehicle",
    "translucentBlendOp": "None",
    "translucentRecvShadows": true,
    "version": 1.5
  },
  "gabryf40_whitelight_on": {
    "name": "gabryf40_whitelight_on",
    "mapTo": "gabryf40_whitelight_on",
    "class": "Material",
    "persistentId": "4a350e7c-5114-4ac7-8213-fd00ca9429e5",
    "Stages": [
      {
        "ambientOcclusionMap": "/vehicles/gabryf40/txt/gabryf40_headlight_ao.png",
        "baseColorMap": "/vehicles/gabryf40/txt/gabryf40_headlight_b.png",
        "emissiveFactor": [
          8,
          8,
          0
        ],
        "emissiveMap": "/vehicles/gabryf40/txt/gabryf40_headlight_b.png",
        "metallicFactor": 1,
        "metallicMap": "/vehicles/gabryf40/txt/gabryf40_headlight_m.png",
        "pixelSpecular": true,
        "roughnessMap": "/vehicles/gabryf40/txt/gabryf40_headlight_r.png"
      },
      {
        "emissiveFactor": null,
        "metallicFactor": null,
        "pixelSpecular": null
      },
      {
        "emissiveFactor": null,
        "metallicFactor": null,
        "pixelSpecular": null
      },
      {
        "emissiveFactor": null,
        "metallicFactor": null,
        "pixelSpecular": null
      }
    ],
    "alphaRef": 86,
    "doubleSided": true,
    "dynamicCubemap": true,
    "materialTag0": "beamng",
    "materialTag1": "vehicle",
    "translucent": true,
    "translucentBlendOp": "None",
    "translucentRecvShadows": true,
    "version": 1.5
  },
  "gabryf40_whitelight_on_intense": {
    "name": "gabryf40_whitelight_on_intense",
    "mapTo": "gabryf40_whitelight_on_intense",
    "class": "Material",
    "persistentId": "ed063e3f-f40e-47c8-9b59-49a77970ac72",
    "Stages": [
      {
        "ambientOcclusionMap": "/vehicles/gabryf40/txt/gabryf40_headlight_ao.png",
        "baseColorMap": "/vehicles/gabryf40/txt/gabryf40_headlight_b.png",
        "emissiveFactor": [
          8,
          8,
          0
        ],
        "emissiveMap": "/vehicles/gabryf40/txt/gabryf40_headlight_b.png",
        "metallicFactor": 1,
        "metallicMap": "/vehicles/gabryf40/txt/gabryf40_headlight_m.png",
        "pixelSpecular": true,
        "roughnessMap": "/vehicles/gabryf40/txt/gabryf40_headlight_r.png"
      },
      {
        "emissiveFactor": null,
        "metallicFactor": null,
        "pixelSpecular": null
      },
      {
        "emissiveFactor": null,
        "metallicFactor": null,
        "pixelSpecular": null
      },
      {
        "emissiveFactor": null,
        "metallicFactor": null,
        "pixelSpecular": null
      }
    ],
    "alphaRef": 86,
    "doubleSided": true,
    "dynamicCubemap": true,
    "materialTag0": "beamng",
    "materialTag1": "vehicle",
    "translucent": true,
    "translucentBlendOp": "None",
    "translucentRecvShadows": true,
    "version": 1.5
  },
  "gabryf40_windshield_dmg": {
    "name": "gabryf40_windshield_dmg",
    "mapTo": "gabryf40_windshield_dmg",
    "class": "Material",
    "persistentId": "ae20c851-bf00-4256-99ab-e5651cb12346",
    "Stages": [
      {
        "baseColorMap": "vehicles/gabryf40/txt/gabryf40_glass_dmg_b.color.png",
        "metallicFactor": 0.670000017,
        "normalMap": "vehicles/common/windshield_dmg_n.dds",
        "opacityMap": "/vehicles/gabryf40/txt/gabryf40_glass_dmg_o.data.png",
        "pixelSpecular": true,
        "roughnessFactor": 0
      },
      {
        "metallicFactor": null,
        "pixelSpecular": null,
        "roughnessFactor": null
      },
      {
        "metallicFactor": null,
        "pixelSpecular": null,
        "roughnessFactor": null
      },
      {
        "metallicFactor": null,
        "pixelSpecular": null,
        "roughnessFactor": null
      }
    ],
    "castShadows": false,
    "dynamicCubemap": true,
    "materialTag0": "beamng",
    "materialTag1": "vehicle",
    "translucent": true,
    "translucentBlendOp": "PreMulAlpha",
    "translucentRecvShadows": true,
    "version": 1.5
  }
}