{
  "body.skin.itasha" : {
    "name" : "body.skin.itasha",
    "mapTo" : "body.skin.itasha",
    "class" : "Material",
    "persistentId" : "3fe3d553-a2de-4e29-8d18-3351b5bce90e",
    "Stages": [
      {
        "ambientOcclusionMap": "/vehicles/gabryf40/pbr/gabryf40_main_ao.dds",
        "baseColorMap": "/vehicles/gabryf40/pbr/gabryf40_main_b.dds",
        "metallicFactor": 1,
        "metallicMap": "/vehicles/gabryf40/pbr/gabryf40_main_m.dds",
        "normalMap": "vehicles/gabryf40/pbr/commonl_n.dds",
        "roughnessMap": "/vehicles/gabryf40/pbr/gabryf40_main_r.dds",
        "useAnisotropic": true
      },
      {
        "ambientOcclusionMap": "/vehicles/gabryf40/pbr/gabryf40_main_ao.dds",
        "clearCoatFactor": 1,
        "clearCoatMap": "/vehicles/gabryf40/pbr/gabryf40_main_cc.dds",
        "clearCoatRoughnessFactor": 1,
        "colorPaletteMap": "/vehicles/gabryf40/pbr/gabryf40_main_p.dds",
        "colorPaletteMapUseUV": 1,
        "instanceDiffuse": true,
        "metallicFactor": 1,
        "normalMap": "/vehicles/gabryf40/pbr/commonl_n.dds",
        "opacityMap": "/vehicles/gabryf40/pbr/gabryf40_main_c.dds",
        "baseColorMap": "vehicles/gabryf40/skins/gabryf40_skin_itasha.color.png",
        "useAnisotropic": true
      },
      {},
      {}
    ],
    "activeLayers": 2,
    "doubleSided": true,
    "dynamicCubemap": true,
    "materialTag0": "beamng",
    "materialTag1": "vehicle",
    "order_simset": 0,
    "version": 1.5
  },
  "body.skin.xel" : {
    "name" : "body.skin.xel",
    "mapTo" : "body.skin.xel",
    "class" : "Material",
    "persistentId" : "3fe3d553-a2de-4e29-8d18-3351b5bce90e",
    "Stages": [
      {
        "ambientOcclusionMap": "/vehicles/gabryf40/pbr/gabryf40_main_ao.dds",
        "baseColorMap": "/vehicles/gabryf40/pbr/gabryf40_main_b.dds",
        "metallicFactor": 1,
        "metallicMap": "/vehicles/gabryf40/pbr/gabryf40_main_m.dds",
        "normalMap": "vehicles/gabryf40/pbr/commonl_n.dds",
        "roughnessMap": "/vehicles/gabryf40/pbr/gabryf40_main_r.dds",
        "useAnisotropic": true
      },
      {
        "ambientOcclusionMap": "/vehicles/gabryf40/pbr/gabryf40_main_ao.dds",
        "clearCoatFactor": 1,
        "clearCoatMap": "/vehicles/gabryf40/pbr/gabryf40_main_cc.dds",
        "clearCoatRoughnessFactor": 1,
        "colorPaletteMap": "/vehicles/gabryf40/pbr/gabryf40_main_p.dds",
        "colorPaletteMapUseUV": 1,
        "instanceDiffuse": true,
        "metallicFactor": 1,
        "normalMap": "/vehicles/gabryf40/pbr/commonl_n.dds",
        "opacityMap": "/vehicles/gabryf40/pbr/gabryf40_main_c.dds",
        "baseColorMap": "vehicles/gabryf40/skins/gabryf40_skin_xel.color.png",
        "useAnisotropic": true
      },
      {},
      {}
    ],
    "activeLayers": 2,
    "doubleSided": true,
    "dynamicCubemap": true,
    "materialTag0": "beamng",
    "materialTag1": "vehicle",
    "order_simset": 0,
    "version": 1.5
  },
  "body.skin.stripes_white" : {
    "name" : "body.skin.stripes_white",
    "mapTo" : "body.skin.stripes_white",
    "class" : "Material",
    "persistentId" : "3fe3d553-a2de-4e29-8d18-3351b5bce90e",
    "Stages": [
      {
        "ambientOcclusionMap": "/vehicles/gabryf40/pbr/gabryf40_main_ao.dds",
        "baseColorMap": "/vehicles/gabryf40/pbr/gabryf40_main_b.dds",
        "metallicFactor": 1,
        "metallicMap": "/vehicles/gabryf40/pbr/gabryf40_main_m.dds",
        "normalMap": "vehicles/gabryf40/pbr/commonl_n.dds",
        "roughnessMap": "/vehicles/gabryf40/pbr/gabryf40_main_r.dds",
        "useAnisotropic": true
      },
      {
        "ambientOcclusionMap": "/vehicles/gabryf40/pbr/gabryf40_main_ao.dds",
        "clearCoatFactor": 1,
        "clearCoatMap": "/vehicles/gabryf40/pbr/gabryf40_main_cc.dds",
        "clearCoatRoughnessFactor": 1,
        "colorPaletteMap": "/vehicles/gabryf40/pbr/gabryf40_main_p.dds",
        "colorPaletteMapUseUV": 1,
        "instanceDiffuse": true,
        "metallicFactor": 1,
        "normalMap": "/vehicles/gabryf40/pbr/commonl_n.dds",
        "opacityMap": "/vehicles/gabryf40/pbr/gabryf40_main_c.dds",
        "baseColorMap": "vehicles/gabryf40/skins/gabryf40_skin_stripes_white.color.png",
        "useAnisotropic": true
      },
      {},
      {}
    ],
    "activeLayers": 2,
    "doubleSided": true,
    "dynamicCubemap": true,
    "materialTag0": "beamng",
    "materialTag1": "vehicle",
    "order_simset": 0,
    "version": 1.5
  },
  "body.skin.stripes_yellow" : {
    "name" : "body.skin.stripes_yellow",
    "mapTo" : "body.skin.stripes_yellow",
    "class" : "Material",
    "persistentId" : "3fe3d553-a2de-4e29-8d18-3351b5bce90e",
    "Stages": [
      {
        "ambientOcclusionMap": "/vehicles/gabryf40/pbr/gabryf40_main_ao.dds",
        "baseColorMap": "/vehicles/gabryf40/pbr/gabryf40_main_b.dds",
        "metallicFactor": 1,
        "metallicMap": "/vehicles/gabryf40/pbr/gabryf40_main_m.dds",
        "normalMap": "vehicles/gabryf40/pbr/commonl_n.dds",
        "roughnessMap": "/vehicles/ggabryf40/pbr/gabryf40_main_r.dds",
        "useAnisotropic": true
      },
      {
        "ambientOcclusionMap": "/vehicles/gabryf40/pbr/gabryf40_main_ao.dds",
        "clearCoatFactor": 1,
        "clearCoatMap": "/vehicles/gabryf40/pbr/gabryf40_main_cc.dds",
        "clearCoatRoughnessFactor": 1,
        "colorPaletteMap": "/vehicles/gabryf40/pbr/gabryf40_main_p.dds",
        "colorPaletteMapUseUV": 1,
        "instanceDiffuse": true,
        "metallicFactor": 1,
        "normalMap": "/vehicles/gabryf40/pbr/commonl_n.dds",
        "opacityMap": "/vehicles/gabryf40/pbr/gabryf40_main_c.dds",
        "baseColorMap": "vehicles/gabryf40/skins/gabryf40_skin_stripes_yellow.color.png",
        "useAnisotropic": true
      },
      {},
      {}
    ],
    "activeLayers": 2,
    "doubleSided": true,
    "dynamicCubemap": true,
    "materialTag0": "beamng",
    "materialTag1": "vehicle",
    "order_simset": 0,
    "version": 1.5
  }
}
